{
  "nodeLayouts": {
    "inputs": {
      "x": 922.5,
      "y": 42,
      "index": -1
    },
    "outputs": {
      "x": 940,
      "y": 712,
      "index": -1
    },
    "list_policys": {
      "x": 685,
      "y": 176,
      "index": 0
    },
    "summary_document": {
      "x": 597.5,
      "y": 310,
      "index": 1
    },
    "selection_summary": {
      "x": 315,
      "y": 444,
      "index": 2
    },
    "search_policy": {
      "x": 227.5,
      "y": 310,
      "index": 3
    },
    "aggregation": {
      "x": 860,
      "y": 578,
      "index": 4
    },
    "summary_full_doc": {
      "x": 860,
      "y": 444,
      "index": 5
    },
    "search_doc": {
      "x": 1297.5,
      "y": 310,
      "index": 6
    },
    "ask_result_format": {
      "x": 1210,
      "y": 444,
      "index": 7
    },
    "python_text_embedding": {
      "x": 1210,
      "y": 176,
      "index": 8
    },
    "python_text_embedding_search": {
      "x": 140,
      "y": 176,
      "index": 9
    },
    "check_index": {
      "x": 1560,
      "y": 444,
      "index": 10
    }
  },
  "orientation": "Vertical"
}