{
  "nodes": {
    "python_node_68lj": {
      "variant_0": {
        "inputs": {
          "input1": []
        }
      }
    },
    "llm_node_lq2x": {
      "variant_0": {
        "inputs": {
          "chat_history": [],
          "question": []
        }
      }
    },
    "list_policys": {
      "variant_0": {
        "inputs": {
          "input": []
        }
      }
    },
    "llm_node_5yw9": {
      "variant_0": {
        "inputs": {
          "response_format": []
        }
      }
    },
    "summary_document": {
      "variant_0": {
        "inputs": {
          "input_text": [],
          "policy_list": []
        }
      }
    },
    "text_embedding": {
      "variant_0": {
        "inputs": {
          "input": []
        }
      }
    },
    "search_policy": {
      "variant_0": {
        "inputs": {
          "input": [],
          "embeding": [],
          "query": [],
          "groups": []
        }
      }
    },
    "selection_summary": {
      "variant_0": {
        "inputs": {
          "policy_list": [],
          "input_text": [],
          "language": []
        }
      }
    },
    "aggregation": {
      "variant_0": {
        "inputs": {
          "input1": [],
          "input2": [],
          "input3": [],
          "input4": [],
          "input5": []
        }
      }
    },
    "summary_full_doc": {
      "variant_0": {
        "inputs": {
          "input_text": []
        }
      }
    },
    "query_embedding": {
      "variant_0": {
        "inputs": {
          "input": []
        }
      }
    },
    "search_doc": {
      "variant_0": {
        "inputs": {
          "embeding": [],
          "embedinginput": [],
          "query": [],
          "filename": [],
          "groups": [],
          "embedding_input": []
        }
      }
    },
    "ask_result_format": {
      "variant_0": {
        "inputs": {
          "query": [],
          "search_result_list": [],
          "language": []
        }
      }
    },
    "python_text_embedding": {
      "variant_0": {
        "inputs": {
          "input": []
        }
      }
    },
    "python_text_embedding_search": {
      "variant_0": {
        "inputs": {
          "input": []
        }
      }
    },
    "check_index": {
      "variant_0": {
        "inputs": {
          "filename": [],
          "groups": []
        }
      }
    }
  }
}