{
  "flow_runs": [
    {
      "run_id": "d77e2b02-c2cd-46c7-af4b-74ec9c3614fd_0",
      "status": "Completed",
      "error": null,
      "inputs": {
        "chat_history": [],
        "question": "what is the governing law in this contract?",
        "query_type": 99,
        "group": [
          "2846190d-05dc-4048-90bc-7e236f34d84b",
          "62edbd7b-8d46-4d2c-a5a1-da5b78ba1d38",
          "be8ca378-bc74-46c1-b922-e7f552486ede"
        ],
        "language": "English",
        "filename": "contract-for-the-purchase-of-goods-and-services.docx"
      },
      "output": {
        "answer": {
          "Found": true
        }
      },
      "metrics": null,
      "request": null,
      "parent_run_id": "d77e2b02-c2cd-46c7-af4b-74ec9c3614fd",
      "root_run_id": "d77e2b02-c2cd-46c7-af4b-74ec9c3614fd",
      "source_run_id": null,
      "flow_id": "default_flow_id",
      "start_time": "2025-01-13T11:02:33.590258Z",
      "end_time": "2025-01-13T11:02:35.679458Z",
      "index": 0,
      "api_calls": [
        {
          "name": "flow",
          "node_name": "flow",
          "type": "Flow",
          "start_time": 1736758953.590258,
          "end_time": 1736758955.679458,
          "children": [
            {
              "name": "my_python_tool",
              "type": "Function",
              "inputs": {
                "filename": "contract-for-the-purchase-of-goods-and-services.docx",
                "groups": [
                  "2846190d-05dc-4048-90bc-7e236f34d84b",
                  "62edbd7b-8d46-4d2c-a5a1-da5b78ba1d38",
                  "be8ca378-bc74-46c1-b922-e7f552486ede"
                ],
                "searchconnection": "ally"
              },
              "output": true,
              "start_time": 1736758953.596353,
              "end_time": 1736758955.673426,
              "error": null,
              "children": [],
              "node_name": "check_index",
              "parent_id": "",
              "id": "8b8659e0-b003-4d9e-833a-0ba1282c703f",
              "function": "my_python_tool",
              "system_metrics": {}
            },
            {
              "name": "my_python_tool",
              "type": "Function",
              "inputs": {
                "input1": null,
                "input2": null,
                "input3": null,
                "input4": null,
                "input5": true
              },
              "output": {
                "Found": true
              },
              "start_time": 1736758955.677305,
              "end_time": 1736758955.678453,
              "error": null,
              "children": [],
              "node_name": "aggregation",
              "parent_id": "",
              "id": "04da8ce7-80c9-4f1f-af87-2bf0fd916bae",
              "function": "my_python_tool",
              "system_metrics": {}
            }
          ],
          "system_metrics": {
            "duration": 2.0892,
            "prompt_tokens": 0,
            "completion_tokens": 0,
            "total_tokens": 0
          },
          "inputs": {
            "chat_history": [],
            "question": "what is the governing law in this contract?",
            "query_type": 99,
            "group": [
              "2846190d-05dc-4048-90bc-7e236f34d84b",
              "62edbd7b-8d46-4d2c-a5a1-da5b78ba1d38",
              "be8ca378-bc74-46c1-b922-e7f552486ede"
            ],
            "language": "English",
            "filename": "contract-for-the-purchase-of-goods-and-services.docx"
          },
          "output": {
            "answer": {
              "Found": true
            }
          },
          "error": null
        }
      ],
      "name": "",
      "description": "",
      "tags": null,
      "system_metrics": {
        "duration": 2.0892,
        "prompt_tokens": 0,
        "completion_tokens": 0,
        "total_tokens": 0
      },
      "result": {
        "answer": {
          "Found": true
        }
      },
      "upload_metrics": false,
      "otel_trace_id": "0xb6a577447f62f8f5eaba1eacf10fc3d0",
      "message_format": "basic"
    }
  ],
  "node_runs": [
    {
      "node": "list_policys",
      "flow_run_id": "d77e2b02-c2cd-46c7-af4b-74ec9c3614fd",
      "run_id": "d77e2b02-c2cd-46c7-af4b-74ec9c3614fd_list_policys_0",
      "status": "Bypassed",
      "inputs": null,
      "output": null,
      "metrics": null,
      "error": null,
      "parent_run_id": "d77e2b02-c2cd-46c7-af4b-74ec9c3614fd_0",
      "start_time": "2025-01-13T11:02:33.594351Z",
      "end_time": "2025-01-13T11:02:33.594351Z",
      "index": 0,
      "api_calls": [],
      "cached_run_id": null,
      "cached_flow_run_id": null,
      "logs": null,
      "system_metrics": null,
      "result": null,
      "message_format": "basic"
    },
    {
      "node": "summary_document",
      "flow_run_id": "d77e2b02-c2cd-46c7-af4b-74ec9c3614fd",
      "run_id": "d77e2b02-c2cd-46c7-af4b-74ec9c3614fd_summary_document_0",
      "status": "Bypassed",
      "inputs": null,
      "output": null,
      "metrics": null,
      "error": null,
      "parent_run_id": "d77e2b02-c2cd-46c7-af4b-74ec9c3614fd_0",
      "start_time": "2025-01-13T11:02:33.594351Z",
      "end_time": "2025-01-13T11:02:33.594351Z",
      "index": 0,
      "api_calls": [],
      "cached_run_id": null,
      "cached_flow_run_id": null,
      "logs": null,
      "system_metrics": null,
      "result": null,
      "message_format": "basic"
    },
    {
      "node": "summary_full_doc",
      "flow_run_id": "d77e2b02-c2cd-46c7-af4b-74ec9c3614fd",
      "run_id": "d77e2b02-c2cd-46c7-af4b-74ec9c3614fd_summary_full_doc_0",
      "status": "Bypassed",
      "inputs": null,
      "output": null,
      "metrics": null,
      "error": null,
      "parent_run_id": "d77e2b02-c2cd-46c7-af4b-74ec9c3614fd_0",
      "start_time": "2025-01-13T11:02:33.594351Z",
      "end_time": "2025-01-13T11:02:33.594351Z",
      "index": 0,
      "api_calls": [],
      "cached_run_id": null,
      "cached_flow_run_id": null,
      "logs": null,
      "system_metrics": null,
      "result": null,
      "message_format": "basic"
    },
    {
      "node": "python_text_embedding",
      "flow_run_id": "d77e2b02-c2cd-46c7-af4b-74ec9c3614fd",
      "run_id": "d77e2b02-c2cd-46c7-af4b-74ec9c3614fd_python_text_embedding_0",
      "status": "Bypassed",
      "inputs": null,
      "output": null,
      "metrics": null,
      "error": null,
      "parent_run_id": "d77e2b02-c2cd-46c7-af4b-74ec9c3614fd_0",
      "start_time": "2025-01-13T11:02:33.594351Z",
      "end_time": "2025-01-13T11:02:33.594351Z",
      "index": 0,
      "api_calls": [],
      "cached_run_id": null,
      "cached_flow_run_id": null,
      "logs": null,
      "system_metrics": null,
      "result": null,
      "message_format": "basic"
    },
    {
      "node": "search_doc",
      "flow_run_id": "d77e2b02-c2cd-46c7-af4b-74ec9c3614fd",
      "run_id": "d77e2b02-c2cd-46c7-af4b-74ec9c3614fd_search_doc_0",
      "status": "Bypassed",
      "inputs": null,
      "output": null,
      "metrics": null,
      "error": null,
      "parent_run_id": "d77e2b02-c2cd-46c7-af4b-74ec9c3614fd_0",
      "start_time": "2025-01-13T11:02:33.594351Z",
      "end_time": "2025-01-13T11:02:33.594351Z",
      "index": 0,
      "api_calls": [],
      "cached_run_id": null,
      "cached_flow_run_id": null,
      "logs": null,
      "system_metrics": null,
      "result": null,
      "message_format": "basic"
    },
    {
      "node": "ask_result_format",
      "flow_run_id": "d77e2b02-c2cd-46c7-af4b-74ec9c3614fd",
      "run_id": "d77e2b02-c2cd-46c7-af4b-74ec9c3614fd_ask_result_format_0",
      "status": "Bypassed",
      "inputs": null,
      "output": null,
      "metrics": null,
      "error": null,
      "parent_run_id": "d77e2b02-c2cd-46c7-af4b-74ec9c3614fd_0",
      "start_time": "2025-01-13T11:02:33.595351Z",
      "end_time": "2025-01-13T11:02:33.595351Z",
      "index": 0,
      "api_calls": [],
      "cached_run_id": null,
      "cached_flow_run_id": null,
      "logs": null,
      "system_metrics": null,
      "result": null,
      "message_format": "basic"
    },
    {
      "node": "python_text_embedding_search",
      "flow_run_id": "d77e2b02-c2cd-46c7-af4b-74ec9c3614fd",
      "run_id": "d77e2b02-c2cd-46c7-af4b-74ec9c3614fd_python_text_embedding_search_0",
      "status": "Bypassed",
      "inputs": null,
      "output": null,
      "metrics": null,
      "error": null,
      "parent_run_id": "d77e2b02-c2cd-46c7-af4b-74ec9c3614fd_0",
      "start_time": "2025-01-13T11:02:33.595351Z",
      "end_time": "2025-01-13T11:02:33.595351Z",
      "index": 0,
      "api_calls": [],
      "cached_run_id": null,
      "cached_flow_run_id": null,
      "logs": null,
      "system_metrics": null,
      "result": null,
      "message_format": "basic"
    },
    {
      "node": "search_policy",
      "flow_run_id": "d77e2b02-c2cd-46c7-af4b-74ec9c3614fd",
      "run_id": "d77e2b02-c2cd-46c7-af4b-74ec9c3614fd_search_policy_0",
      "status": "Bypassed",
      "inputs": null,
      "output": null,
      "metrics": null,
      "error": null,
      "parent_run_id": "d77e2b02-c2cd-46c7-af4b-74ec9c3614fd_0",
      "start_time": "2025-01-13T11:02:33.595351Z",
      "end_time": "2025-01-13T11:02:33.595351Z",
      "index": 0,
      "api_calls": [],
      "cached_run_id": null,
      "cached_flow_run_id": null,
      "logs": null,
      "system_metrics": null,
      "result": null,
      "message_format": "basic"
    },
    {
      "node": "selection_summary",
      "flow_run_id": "d77e2b02-c2cd-46c7-af4b-74ec9c3614fd",
      "run_id": "d77e2b02-c2cd-46c7-af4b-74ec9c3614fd_selection_summary_0",
      "status": "Bypassed",
      "inputs": null,
      "output": null,
      "metrics": null,
      "error": null,
      "parent_run_id": "d77e2b02-c2cd-46c7-af4b-74ec9c3614fd_0",
      "start_time": "2025-01-13T11:02:33.595351Z",
      "end_time": "2025-01-13T11:02:33.595351Z",
      "index": 0,
      "api_calls": [],
      "cached_run_id": null,
      "cached_flow_run_id": null,
      "logs": null,
      "system_metrics": null,
      "result": null,
      "message_format": "basic"
    },
    {
      "node": "check_index",
      "flow_run_id": "d77e2b02-c2cd-46c7-af4b-74ec9c3614fd",
      "run_id": "d77e2b02-c2cd-46c7-af4b-74ec9c3614fd_check_index_0",
      "status": "Completed",
      "inputs": {
        "filename": "contract-for-the-purchase-of-goods-and-services.docx",
        "groups": [
          "2846190d-05dc-4048-90bc-7e236f34d84b",
          "62edbd7b-8d46-4d2c-a5a1-da5b78ba1d38",
          "be8ca378-bc74-46c1-b922-e7f552486ede"
        ],
        "searchconnection": "ally"
      },
      "output": true,
      "metrics": null,
      "error": null,
      "parent_run_id": "d77e2b02-c2cd-46c7-af4b-74ec9c3614fd_0",
      "start_time": "2025-01-13T11:02:33.596353Z",
      "end_time": "2025-01-13T11:02:35.674096Z",
      "index": 0,
      "api_calls": [
        {
          "name": "my_python_tool",
          "type": "Function",
          "inputs": {
            "filename": "contract-for-the-purchase-of-goods-and-services.docx",
            "groups": [
              "2846190d-05dc-4048-90bc-7e236f34d84b",
              "62edbd7b-8d46-4d2c-a5a1-da5b78ba1d38",
              "be8ca378-bc74-46c1-b922-e7f552486ede"
            ],
            "searchconnection": "ally"
          },
          "output": true,
          "start_time": 1736758953.596353,
          "end_time": 1736758955.673426,
          "error": null,
          "children": [],
          "node_name": "check_index",
          "parent_id": "",
          "id": "8b8659e0-b003-4d9e-833a-0ba1282c703f",
          "function": "my_python_tool",
          "system_metrics": {}
        }
      ],
      "cached_run_id": null,
      "cached_flow_run_id": null,
      "logs": {
        "stdout": "",
        "stderr": ""
      },
      "system_metrics": {
        "duration": 2.077743
      },
      "result": true,
      "message_format": "basic"
    },
    {
      "node": "aggregation",
      "flow_run_id": "d77e2b02-c2cd-46c7-af4b-74ec9c3614fd",
      "run_id": "d77e2b02-c2cd-46c7-af4b-74ec9c3614fd_aggregation_0",
      "status": "Completed",
      "inputs": {
        "input1": null,
        "input2": null,
        "input3": null,
        "input4": null,
        "input5": true
      },
      "output": {
        "Found": true
      },
      "metrics": null,
      "error": null,
      "parent_run_id": "d77e2b02-c2cd-46c7-af4b-74ec9c3614fd_0",
      "start_time": "2025-01-13T11:02:35.677305Z",
      "end_time": "2025-01-13T11:02:35.678453Z",
      "index": 0,
      "api_calls": [
        {
          "name": "my_python_tool",
          "type": "Function",
          "inputs": {
            "input1": null,
            "input2": null,
            "input3": null,
            "input4": null,
            "input5": true
          },
          "output": {
            "Found": true
          },
          "start_time": 1736758955.677305,
          "end_time": 1736758955.678453,
          "error": null,
          "children": [],
          "node_name": "aggregation",
          "parent_id": "",
          "id": "04da8ce7-80c9-4f1f-af87-2bf0fd916bae",
          "function": "my_python_tool",
          "system_metrics": {}
        }
      ],
      "cached_run_id": null,
      "cached_flow_run_id": null,
      "logs": {
        "stdout": "",
        "stderr": ""
      },
      "system_metrics": {
        "duration": 0.001148
      },
      "result": {
        "Found": true
      },
      "message_format": "basic"
    }
  ]
}